layer_idx,component_type,path,depth,class_name,num_params
0,attention,model.layers.0.self_attn,1,FalconH1Attention,1310720
0,attention,model.layers.0.self_attn.q_proj,2,Linear,524288
0,attention,model.layers.0.self_attn.k_proj,2,Linear,131072
0,attention,model.layers.0.self_attn.v_proj,2,Linear,131072
0,attention,model.layers.0.self_attn.o_proj,2,Linear,524288
0,ssm,model.layers.0.mamba,1,FalconH1Mixer,5014344
0,ssm,model.layers.0.mamba.conv1d,2,Conv1d,8960
0,ssm,model.layers.0.mamba.in_proj,2,Linear,3432448
0,ssm,model.layers.0.mamba.out_proj,2,Linear,1572864
1,attention,model.layers.1.self_attn,1,FalconH1Attention,1310720
1,attention,model.layers.1.self_attn.q_proj,2,Linear,524288
1,attention,model.layers.1.self_attn.k_proj,2,Linear,131072
1,attention,model.layers.1.self_attn.v_proj,2,Linear,131072
1,attention,model.layers.1.self_attn.o_proj,2,Linear,524288
1,ssm,model.layers.1.mamba,1,FalconH1Mixer,5014344
1,ssm,model.layers.1.mamba.conv1d,2,Conv1d,8960
1,ssm,model.layers.1.mamba.in_proj,2,Linear,3432448
1,ssm,model.layers.1.mamba.out_proj,2,Linear,1572864
2,attention,model.layers.2.self_attn,1,FalconH1Attention,1310720
2,attention,model.layers.2.self_attn.q_proj,2,Linear,524288
2,attention,model.layers.2.self_attn.k_proj,2,Linear,131072
2,attention,model.layers.2.self_attn.v_proj,2,Linear,131072
2,attention,model.layers.2.self_attn.o_proj,2,Linear,524288
2,ssm,model.layers.2.mamba,1,FalconH1Mixer,5014344
2,ssm,model.layers.2.mamba.conv1d,2,Conv1d,8960
2,ssm,model.layers.2.mamba.in_proj,2,Linear,3432448
2,ssm,model.layers.2.mamba.out_proj,2,Linear,1572864
3,attention,model.layers.3.self_attn,1,FalconH1Attention,1310720
3,attention,model.layers.3.self_attn.q_proj,2,Linear,524288
3,attention,model.layers.3.self_attn.k_proj,2,Linear,131072
3,attention,model.layers.3.self_attn.v_proj,2,Linear,131072
3,attention,model.layers.3.self_attn.o_proj,2,Linear,524288
3,ssm,model.layers.3.mamba,1,FalconH1Mixer,5014344
3,ssm,model.layers.3.mamba.conv1d,2,Conv1d,8960
3,ssm,model.layers.3.mamba.in_proj,2,Linear,3432448
3,ssm,model.layers.3.mamba.out_proj,2,Linear,1572864
4,attention,model.layers.4.self_attn,1,FalconH1Attention,1310720
4,attention,model.layers.4.self_attn.q_proj,2,Linear,524288
4,attention,model.layers.4.self_attn.k_proj,2,Linear,131072
4,attention,model.layers.4.self_attn.v_proj,2,Linear,131072
4,attention,model.layers.4.self_attn.o_proj,2,Linear,524288
4,ssm,model.layers.4.mamba,1,FalconH1Mixer,5014344
4,ssm,model.layers.4.mamba.conv1d,2,Conv1d,8960
4,ssm,model.layers.4.mamba.in_proj,2,Linear,3432448
4,ssm,model.layers.4.mamba.out_proj,2,Linear,1572864
5,attention,model.layers.5.self_attn,1,FalconH1Attention,1310720
5,attention,model.layers.5.self_attn.q_proj,2,Linear,524288
5,attention,model.layers.5.self_attn.k_proj,2,Linear,131072
5,attention,model.layers.5.self_attn.v_proj,2,Linear,131072
5,attention,model.layers.5.self_attn.o_proj,2,Linear,524288
5,ssm,model.layers.5.mamba,1,FalconH1Mixer,5014344
5,ssm,model.layers.5.mamba.conv1d,2,Conv1d,8960
5,ssm,model.layers.5.mamba.in_proj,2,Linear,3432448
5,ssm,model.layers.5.mamba.out_proj,2,Linear,1572864
6,attention,model.layers.6.self_attn,1,FalconH1Attention,1310720
6,attention,model.layers.6.self_attn.q_proj,2,Linear,524288
6,attention,model.layers.6.self_attn.k_proj,2,Linear,131072
6,attention,model.layers.6.self_attn.v_proj,2,Linear,131072
6,attention,model.layers.6.self_attn.o_proj,2,Linear,524288
6,ssm,model.layers.6.mamba,1,FalconH1Mixer,5014344
6,ssm,model.layers.6.mamba.conv1d,2,Conv1d,8960
6,ssm,model.layers.6.mamba.in_proj,2,Linear,3432448
6,ssm,model.layers.6.mamba.out_proj,2,Linear,1572864
7,attention,model.layers.7.self_attn,1,FalconH1Attention,1310720
7,attention,model.layers.7.self_attn.q_proj,2,Linear,524288
7,attention,model.layers.7.self_attn.k_proj,2,Linear,131072
7,attention,model.layers.7.self_attn.v_proj,2,Linear,131072
7,attention,model.layers.7.self_attn.o_proj,2,Linear,524288
7,ssm,model.layers.7.mamba,1,FalconH1Mixer,5014344
7,ssm,model.layers.7.mamba.conv1d,2,Conv1d,8960
7,ssm,model.layers.7.mamba.in_proj,2,Linear,3432448
7,ssm,model.layers.7.mamba.out_proj,2,Linear,1572864
8,attention,model.layers.8.self_attn,1,FalconH1Attention,1310720
8,attention,model.layers.8.self_attn.q_proj,2,Linear,524288
8,attention,model.layers.8.self_attn.k_proj,2,Linear,131072
8,attention,model.layers.8.self_attn.v_proj,2,Linear,131072
8,attention,model.layers.8.self_attn.o_proj,2,Linear,524288
8,ssm,model.layers.8.mamba,1,FalconH1Mixer,5014344
8,ssm,model.layers.8.mamba.conv1d,2,Conv1d,8960
8,ssm,model.layers.8.mamba.in_proj,2,Linear,3432448
8,ssm,model.layers.8.mamba.out_proj,2,Linear,1572864
9,attention,model.layers.9.self_attn,1,FalconH1Attention,1310720
9,attention,model.layers.9.self_attn.q_proj,2,Linear,524288
9,attention,model.layers.9.self_attn.k_proj,2,Linear,131072
9,attention,model.layers.9.self_attn.v_proj,2,Linear,131072
9,attention,model.layers.9.self_attn.o_proj,2,Linear,524288
9,ssm,model.layers.9.mamba,1,FalconH1Mixer,5014344
9,ssm,model.layers.9.mamba.conv1d,2,Conv1d,8960
9,ssm,model.layers.9.mamba.in_proj,2,Linear,3432448
9,ssm,model.layers.9.mamba.out_proj,2,Linear,1572864
10,attention,model.layers.10.self_attn,1,FalconH1Attention,1310720
10,attention,model.layers.10.self_attn.q_proj,2,Linear,524288
10,attention,model.layers.10.self_attn.k_proj,2,Linear,131072
10,attention,model.layers.10.self_attn.v_proj,2,Linear,131072
10,attention,model.layers.10.self_attn.o_proj,2,Linear,524288
10,ssm,model.layers.10.mamba,1,FalconH1Mixer,5014344
10,ssm,model.layers.10.mamba.conv1d,2,Conv1d,8960
10,ssm,model.layers.10.mamba.in_proj,2,Linear,3432448
10,ssm,model.layers.10.mamba.out_proj,2,Linear,1572864
11,attention,model.layers.11.self_attn,1,FalconH1Attention,1310720
11,attention,model.layers.11.self_attn.q_proj,2,Linear,524288
11,attention,model.layers.11.self_attn.k_proj,2,Linear,131072
11,attention,model.layers.11.self_attn.v_proj,2,Linear,131072
11,attention,model.layers.11.self_attn.o_proj,2,Linear,524288
11,ssm,model.layers.11.mamba,1,FalconH1Mixer,5014344
11,ssm,model.layers.11.mamba.conv1d,2,Conv1d,8960
11,ssm,model.layers.11.mamba.in_proj,2,Linear,3432448
11,ssm,model.layers.11.mamba.out_proj,2,Linear,1572864
12,attention,model.layers.12.self_attn,1,FalconH1Attention,1310720
12,attention,model.layers.12.self_attn.q_proj,2,Linear,524288
12,attention,model.layers.12.self_attn.k_proj,2,Linear,131072
12,attention,model.layers.12.self_attn.v_proj,2,Linear,131072
12,attention,model.layers.12.self_attn.o_proj,2,Linear,524288
12,ssm,model.layers.12.mamba,1,FalconH1Mixer,5014344
12,ssm,model.layers.12.mamba.conv1d,2,Conv1d,8960
12,ssm,model.layers.12.mamba.in_proj,2,Linear,3432448
12,ssm,model.layers.12.mamba.out_proj,2,Linear,1572864
13,attention,model.layers.13.self_attn,1,FalconH1Attention,1310720
13,attention,model.layers.13.self_attn.q_proj,2,Linear,524288
13,attention,model.layers.13.self_attn.k_proj,2,Linear,131072
13,attention,model.layers.13.self_attn.v_proj,2,Linear,131072
13,attention,model.layers.13.self_attn.o_proj,2,Linear,524288
13,ssm,model.layers.13.mamba,1,FalconH1Mixer,5014344
13,ssm,model.layers.13.mamba.conv1d,2,Conv1d,8960
13,ssm,model.layers.13.mamba.in_proj,2,Linear,3432448
13,ssm,model.layers.13.mamba.out_proj,2,Linear,1572864
14,attention,model.layers.14.self_attn,1,FalconH1Attention,1310720
14,attention,model.layers.14.self_attn.q_proj,2,Linear,524288
14,attention,model.layers.14.self_attn.k_proj,2,Linear,131072
14,attention,model.layers.14.self_attn.v_proj,2,Linear,131072
14,attention,model.layers.14.self_attn.o_proj,2,Linear,524288
14,ssm,model.layers.14.mamba,1,FalconH1Mixer,5014344
14,ssm,model.layers.14.mamba.conv1d,2,Conv1d,8960
14,ssm,model.layers.14.mamba.in_proj,2,Linear,3432448
14,ssm,model.layers.14.mamba.out_proj,2,Linear,1572864
15,attention,model.layers.15.self_attn,1,FalconH1Attention,1310720
15,attention,model.layers.15.self_attn.q_proj,2,Linear,524288
15,attention,model.layers.15.self_attn.k_proj,2,Linear,131072
15,attention,model.layers.15.self_attn.v_proj,2,Linear,131072
15,attention,model.layers.15.self_attn.o_proj,2,Linear,524288
15,ssm,model.layers.15.mamba,1,FalconH1Mixer,5014344
15,ssm,model.layers.15.mamba.conv1d,2,Conv1d,8960
15,ssm,model.layers.15.mamba.in_proj,2,Linear,3432448
15,ssm,model.layers.15.mamba.out_proj,2,Linear,1572864
16,attention,model.layers.16.self_attn,1,FalconH1Attention,1310720
16,attention,model.layers.16.self_attn.q_proj,2,Linear,524288
16,attention,model.layers.16.self_attn.k_proj,2,Linear,131072
16,attention,model.layers.16.self_attn.v_proj,2,Linear,131072
16,attention,model.layers.16.self_attn.o_proj,2,Linear,524288
16,ssm,model.layers.16.mamba,1,FalconH1Mixer,5014344
16,ssm,model.layers.16.mamba.conv1d,2,Conv1d,8960
16,ssm,model.layers.16.mamba.in_proj,2,Linear,3432448
16,ssm,model.layers.16.mamba.out_proj,2,Linear,1572864
17,attention,model.layers.17.self_attn,1,FalconH1Attention,1310720
17,attention,model.layers.17.self_attn.q_proj,2,Linear,524288
17,attention,model.layers.17.self_attn.k_proj,2,Linear,131072
17,attention,model.layers.17.self_attn.v_proj,2,Linear,131072
17,attention,model.layers.17.self_attn.o_proj,2,Linear,524288
17,ssm,model.layers.17.mamba,1,FalconH1Mixer,5014344
17,ssm,model.layers.17.mamba.conv1d,2,Conv1d,8960
17,ssm,model.layers.17.mamba.in_proj,2,Linear,3432448
17,ssm,model.layers.17.mamba.out_proj,2,Linear,1572864
18,attention,model.layers.18.self_attn,1,FalconH1Attention,1310720
18,attention,model.layers.18.self_attn.q_proj,2,Linear,524288
18,attention,model.layers.18.self_attn.k_proj,2,Linear,131072
18,attention,model.layers.18.self_attn.v_proj,2,Linear,131072
18,attention,model.layers.18.self_attn.o_proj,2,Linear,524288
18,ssm,model.layers.18.mamba,1,FalconH1Mixer,5014344
18,ssm,model.layers.18.mamba.conv1d,2,Conv1d,8960
18,ssm,model.layers.18.mamba.in_proj,2,Linear,3432448
18,ssm,model.layers.18.mamba.out_proj,2,Linear,1572864
19,attention,model.layers.19.self_attn,1,FalconH1Attention,1310720
19,attention,model.layers.19.self_attn.q_proj,2,Linear,524288
19,attention,model.layers.19.self_attn.k_proj,2,Linear,131072
19,attention,model.layers.19.self_attn.v_proj,2,Linear,131072
19,attention,model.layers.19.self_attn.o_proj,2,Linear,524288
19,ssm,model.layers.19.mamba,1,FalconH1Mixer,5014344
19,ssm,model.layers.19.mamba.conv1d,2,Conv1d,8960
19,ssm,model.layers.19.mamba.in_proj,2,Linear,3432448
19,ssm,model.layers.19.mamba.out_proj,2,Linear,1572864
20,attention,model.layers.20.self_attn,1,FalconH1Attention,1310720
20,attention,model.layers.20.self_attn.q_proj,2,Linear,524288
20,attention,model.layers.20.self_attn.k_proj,2,Linear,131072
20,attention,model.layers.20.self_attn.v_proj,2,Linear,131072
20,attention,model.layers.20.self_attn.o_proj,2,Linear,524288
20,ssm,model.layers.20.mamba,1,FalconH1Mixer,5014344
20,ssm,model.layers.20.mamba.conv1d,2,Conv1d,8960
20,ssm,model.layers.20.mamba.in_proj,2,Linear,3432448
20,ssm,model.layers.20.mamba.out_proj,2,Linear,1572864
21,attention,model.layers.21.self_attn,1,FalconH1Attention,1310720
21,attention,model.layers.21.self_attn.q_proj,2,Linear,524288
21,attention,model.layers.21.self_attn.k_proj,2,Linear,131072
21,attention,model.layers.21.self_attn.v_proj,2,Linear,131072
21,attention,model.layers.21.self_attn.o_proj,2,Linear,524288
21,ssm,model.layers.21.mamba,1,FalconH1Mixer,5014344
21,ssm,model.layers.21.mamba.conv1d,2,Conv1d,8960
21,ssm,model.layers.21.mamba.in_proj,2,Linear,3432448
21,ssm,model.layers.21.mamba.out_proj,2,Linear,1572864
22,attention,model.layers.22.self_attn,1,FalconH1Attention,1310720
22,attention,model.layers.22.self_attn.q_proj,2,Linear,524288
22,attention,model.layers.22.self_attn.k_proj,2,Linear,131072
22,attention,model.layers.22.self_attn.v_proj,2,Linear,131072
22,attention,model.layers.22.self_attn.o_proj,2,Linear,524288
22,ssm,model.layers.22.mamba,1,FalconH1Mixer,5014344
22,ssm,model.layers.22.mamba.conv1d,2,Conv1d,8960
22,ssm,model.layers.22.mamba.in_proj,2,Linear,3432448
22,ssm,model.layers.22.mamba.out_proj,2,Linear,1572864
23,attention,model.layers.23.self_attn,1,FalconH1Attention,1310720
23,attention,model.layers.23.self_attn.q_proj,2,Linear,524288
23,attention,model.layers.23.self_attn.k_proj,2,Linear,131072
23,attention,model.layers.23.self_attn.v_proj,2,Linear,131072
23,attention,model.layers.23.self_attn.o_proj,2,Linear,524288
23,ssm,model.layers.23.mamba,1,FalconH1Mixer,5014344
23,ssm,model.layers.23.mamba.conv1d,2,Conv1d,8960
23,ssm,model.layers.23.mamba.in_proj,2,Linear,3432448
23,ssm,model.layers.23.mamba.out_proj,2,Linear,1572864
24,attention,model.layers.24.self_attn,1,FalconH1Attention,1310720
24,attention,model.layers.24.self_attn.q_proj,2,Linear,524288
24,attention,model.layers.24.self_attn.k_proj,2,Linear,131072
24,attention,model.layers.24.self_attn.v_proj,2,Linear,131072
24,attention,model.layers.24.self_attn.o_proj,2,Linear,524288
24,ssm,model.layers.24.mamba,1,FalconH1Mixer,5014344
24,ssm,model.layers.24.mamba.conv1d,2,Conv1d,8960
24,ssm,model.layers.24.mamba.in_proj,2,Linear,3432448
24,ssm,model.layers.24.mamba.out_proj,2,Linear,1572864
25,attention,model.layers.25.self_attn,1,FalconH1Attention,1310720
25,attention,model.layers.25.self_attn.q_proj,2,Linear,524288
25,attention,model.layers.25.self_attn.k_proj,2,Linear,131072
25,attention,model.layers.25.self_attn.v_proj,2,Linear,131072
25,attention,model.layers.25.self_attn.o_proj,2,Linear,524288
25,ssm,model.layers.25.mamba,1,FalconH1Mixer,5014344
25,ssm,model.layers.25.mamba.conv1d,2,Conv1d,8960
25,ssm,model.layers.25.mamba.in_proj,2,Linear,3432448
25,ssm,model.layers.25.mamba.out_proj,2,Linear,1572864
26,attention,model.layers.26.self_attn,1,FalconH1Attention,1310720
26,attention,model.layers.26.self_attn.q_proj,2,Linear,524288
26,attention,model.layers.26.self_attn.k_proj,2,Linear,131072
26,attention,model.layers.26.self_attn.v_proj,2,Linear,131072
26,attention,model.layers.26.self_attn.o_proj,2,Linear,524288
26,ssm,model.layers.26.mamba,1,FalconH1Mixer,5014344
26,ssm,model.layers.26.mamba.conv1d,2,Conv1d,8960
26,ssm,model.layers.26.mamba.in_proj,2,Linear,3432448
26,ssm,model.layers.26.mamba.out_proj,2,Linear,1572864
27,attention,model.layers.27.self_attn,1,FalconH1Attention,1310720
27,attention,model.layers.27.self_attn.q_proj,2,Linear,524288
27,attention,model.layers.27.self_attn.k_proj,2,Linear,131072
27,attention,model.layers.27.self_attn.v_proj,2,Linear,131072
27,attention,model.layers.27.self_attn.o_proj,2,Linear,524288
27,ssm,model.layers.27.mamba,1,FalconH1Mixer,5014344
27,ssm,model.layers.27.mamba.conv1d,2,Conv1d,8960
27,ssm,model.layers.27.mamba.in_proj,2,Linear,3432448
27,ssm,model.layers.27.mamba.out_proj,2,Linear,1572864
28,attention,model.layers.28.self_attn,1,FalconH1Attention,1310720
28,attention,model.layers.28.self_attn.q_proj,2,Linear,524288
28,attention,model.layers.28.self_attn.k_proj,2,Linear,131072
28,attention,model.layers.28.self_attn.v_proj,2,Linear,131072
28,attention,model.layers.28.self_attn.o_proj,2,Linear,524288
28,ssm,model.layers.28.mamba,1,FalconH1Mixer,5014344
28,ssm,model.layers.28.mamba.conv1d,2,Conv1d,8960
28,ssm,model.layers.28.mamba.in_proj,2,Linear,3432448
28,ssm,model.layers.28.mamba.out_proj,2,Linear,1572864
29,attention,model.layers.29.self_attn,1,FalconH1Attention,1310720
29,attention,model.layers.29.self_attn.q_proj,2,Linear,524288
29,attention,model.layers.29.self_attn.k_proj,2,Linear,131072
29,attention,model.layers.29.self_attn.v_proj,2,Linear,131072
29,attention,model.layers.29.self_attn.o_proj,2,Linear,524288
29,ssm,model.layers.29.mamba,1,FalconH1Mixer,5014344
29,ssm,model.layers.29.mamba.conv1d,2,Conv1d,8960
29,ssm,model.layers.29.mamba.in_proj,2,Linear,3432448
29,ssm,model.layers.29.mamba.out_proj,2,Linear,1572864
30,attention,model.layers.30.self_attn,1,FalconH1Attention,1310720
30,attention,model.layers.30.self_attn.q_proj,2,Linear,524288
30,attention,model.layers.30.self_attn.k_proj,2,Linear,131072
30,attention,model.layers.30.self_attn.v_proj,2,Linear,131072
30,attention,model.layers.30.self_attn.o_proj,2,Linear,524288
30,ssm,model.layers.30.mamba,1,FalconH1Mixer,5014344
30,ssm,model.layers.30.mamba.conv1d,2,Conv1d,8960
30,ssm,model.layers.30.mamba.in_proj,2,Linear,3432448
30,ssm,model.layers.30.mamba.out_proj,2,Linear,1572864
31,attention,model.layers.31.self_attn,1,FalconH1Attention,1310720
31,attention,model.layers.31.self_attn.q_proj,2,Linear,524288
31,attention,model.layers.31.self_attn.k_proj,2,Linear,131072
31,attention,model.layers.31.self_attn.v_proj,2,Linear,131072
31,attention,model.layers.31.self_attn.o_proj,2,Linear,524288
31,ssm,model.layers.31.mamba,1,FalconH1Mixer,5014344
31,ssm,model.layers.31.mamba.conv1d,2,Conv1d,8960
31,ssm,model.layers.31.mamba.in_proj,2,Linear,3432448
31,ssm,model.layers.31.mamba.out_proj,2,Linear,1572864
32,attention,model.layers.32.self_attn,1,FalconH1Attention,1310720
32,attention,model.layers.32.self_attn.q_proj,2,Linear,524288
32,attention,model.layers.32.self_attn.k_proj,2,Linear,131072
32,attention,model.layers.32.self_attn.v_proj,2,Linear,131072
32,attention,model.layers.32.self_attn.o_proj,2,Linear,524288
32,ssm,model.layers.32.mamba,1,FalconH1Mixer,5014344
32,ssm,model.layers.32.mamba.conv1d,2,Conv1d,8960
32,ssm,model.layers.32.mamba.in_proj,2,Linear,3432448
32,ssm,model.layers.32.mamba.out_proj,2,Linear,1572864
33,attention,model.layers.33.self_attn,1,FalconH1Attention,1310720
33,attention,model.layers.33.self_attn.q_proj,2,Linear,524288
33,attention,model.layers.33.self_attn.k_proj,2,Linear,131072
33,attention,model.layers.33.self_attn.v_proj,2,Linear,131072
33,attention,model.layers.33.self_attn.o_proj,2,Linear,524288
33,ssm,model.layers.33.mamba,1,FalconH1Mixer,5014344
33,ssm,model.layers.33.mamba.conv1d,2,Conv1d,8960
33,ssm,model.layers.33.mamba.in_proj,2,Linear,3432448
33,ssm,model.layers.33.mamba.out_proj,2,Linear,1572864
34,attention,model.layers.34.self_attn,1,FalconH1Attention,1310720
34,attention,model.layers.34.self_attn.q_proj,2,Linear,524288
34,attention,model.layers.34.self_attn.k_proj,2,Linear,131072
34,attention,model.layers.34.self_attn.v_proj,2,Linear,131072
34,attention,model.layers.34.self_attn.o_proj,2,Linear,524288
34,ssm,model.layers.34.mamba,1,FalconH1Mixer,5014344
34,ssm,model.layers.34.mamba.conv1d,2,Conv1d,8960
34,ssm,model.layers.34.mamba.in_proj,2,Linear,3432448
34,ssm,model.layers.34.mamba.out_proj,2,Linear,1572864
35,attention,model.layers.35.self_attn,1,FalconH1Attention,1310720
35,attention,model.layers.35.self_attn.q_proj,2,Linear,524288
35,attention,model.layers.35.self_attn.k_proj,2,Linear,131072
35,attention,model.layers.35.self_attn.v_proj,2,Linear,131072
35,attention,model.layers.35.self_attn.o_proj,2,Linear,524288
35,ssm,model.layers.35.mamba,1,FalconH1Mixer,5014344
35,ssm,model.layers.35.mamba.conv1d,2,Conv1d,8960
35,ssm,model.layers.35.mamba.in_proj,2,Linear,3432448
35,ssm,model.layers.35.mamba.out_proj,2,Linear,1572864
